"","X","Response","MarginalR2","ConditionalR2"
"1","Stressors, Diversity","zcor.ECD.LD",0.0580319671992138,0.354595179956758
"2","Stressors, Diversity","zcor.ECD.B",0.127141077109371,0.272482516161265
"3","Stressors, Abundance","zcor.ECD.LD",0.0486015447093274,0.222258151499973
"4","Stressors, Abundance","zcor.ECD.B",0.0296007722395209,0.448694281935722
"5","Nutrients, Diversity","zcor.ECD.LD",0.0633825347935179,0.376198904423135
"6","Nutrients, Diversity","zcor.ECD.B",0.170233921607737,0.351829941247897
"7","Nutrients, Abundance","zcor.ECD.LD",0.0320212752228477,0.374363990277143
"8","Nutrients, Abundance","zcor.ECD.B",0.0215748687431537,0.386302235379324
