"","Response","QM","df","n","pVal"
"1","Diversity",25.6471735343251,2,174,2.69641682775791e-06
"2","Abundance",7.91646826031073,2,424,0.0190968070100064
"3","Litter decomposition",17.611817457755,2,165,0.000149845060324731
