"","dataset","variable","PublicationBias_Pvalue","PublicationBias","Intercept","SE"
"1","BEF","B",0.100015645591555,"no",-1.35822198377635,0.825778411261296
"2","BEF","LD",0.581549053137979,"no",-1.06667890195712,1.93546274870624
"3","DEF","B",0.144954155201775,"no",-1.49288211929318,1.02421409790788
"4","DEF","LD",0.675266284670545,"no",-0.668761442204468,1.59635080663554
