"","dataset","variable","PublicationBias_Pvalue","PublicationBias","Intercept","SE"
"1","BEF","B",0.374328452459808,"no",0.763042844950071,0.858900676090546
"2","BEF","LD",0.189674857937678,"no",3.34609845430652,2.55127136170517
"3","DEF","B",0.0849730148452894,"no",1.21285178232705,0.704109471615737
"4","DEF","LD",0.000253504271830332,"pub. bias",5.30852179138744,1.45093371423928
