"","Predictor","Chisq","Df","P.Value"
"1","ECD_max",6.10124714532649,1,0.0135086512995495
"2","study_type",2.94605194041835,1,0.0860876321772901
"3","taxonomic.group",2.59325489357544,1,0.107319588150424
"4","B.metric",1.90536501646607,1,0.167479030346983
