"","mean.est","ci.lwr","ci.upr"
"mod0",28.2162632632633,24.62095,33.46265
"modfull",27.4252742742743,25.83185,29.67645
