"","mean.est","ci.lwr","ci.upr"
"mod0",38.815853,34.725775,42.99905
"modfull",28.646439,26.978675,32.70975
