"","Predictor","Chisq","Df","P.Value"
"1","ECD_max",0.264179416791904,1,0.607263269253446
"2","study_type",0.58739590034565,1,0.44342787828976
"3","taxonomic.group",3.69439865849833,1,0.0545954588105547
