"","Predictor","Chisq","Df","P.Value"
"1","ECD_max",12.5954709388116,1,0.000386682610803657
"2","study_type",0.137570289107088,1,0.710708521776351
"3","taxonomic.group",12.9266239754585,1,0.000323941493460156
"4","B.metric",3.17279032192627,1,0.0748744258207573
