"","mean.est","ci.lwr","ci.upr"
"mod0",38.767771,33.9377,44.989925
"modfull",34.424339,30.6919,41.194225
