"","Predictor","Chisq","Df","P.Value"
"1","ECD_max",1.30689689561107,1,0.252957258768724
"2","study_type",0.41910299351968,1,0.517384972709024
"3","taxonomic.group",1.2253880766479,1,0.268305825821207
