"","mean.est","ci.lwr","ci.upr"
"mod0",31.6520793814433,24.164875,42.00265
"modfull",25.0980412371134,24.035,27.506975
