"","Response","MarginalR2","ConditionalR2"
"1","zcor.ECD.LD",0.0633825347935179,0.376198904423135
"2","zcor.ECD.B",0.170233921607737,0.351829941247897
