"","intercept","slope","QM_stat","QM_Meanpvalue","QM_pvalue","no.studies","no.obs"
"1",0.121734996819543,0.0945517749913988,1.34047741230077,0.401150922023889,0.246949793148742,39,85
