"","Response","MarginalR2","ConditionalR2"
"1","zcor.ECD.LD",0.0580319671992138,0.354595179956758
"2","zcor.ECD.B",0.127141077109371,0.272482516161265
