"","Response","MarginalR2","ConditionalR2"
"1","zcor.ECD.LD",0.0486015447093274,0.222258151499973
"2","zcor.ECD.B",0.0296007722395209,0.448694281935722
