"","intercept","slope","QM_stat","QM_Meanpvalue","QM_pvalue","no.studies","no.obs"
"1",-0.326371185958658,0.228281490426024,9.21794167623468,0.0486491967040976,0.00239654829662039,28,55
