"","intercept","slope","QM_stat","QM_Meanpvalue","QM_pvalue","no.studies","no.obs"
"1",-0.207356090659869,0.424105935404829,8.5641668766038,0.0245822146464713,0.00342843827027262,23,44
