"","intercept","slope","QM_stat","QM_Meanpvalue","QM_pvalue","no.studies","no.obs"
"1",0.296467594038414,0.0509501144870656,0.388550577384239,0.618353987233928,0.533062265308329,26,48
