"","Response","MarginalR2","ConditionalR2"
"1","zcor.ECD.LD",0.0320212752228477,0.374363990277143
"2","zcor.ECD.B",0.0215748687431537,0.386302235379324
